<?xml version="1.0" encoding="UTF-8"?>
<!DOCTYPE fontscolors PUBLIC "-//NetBeans//DTD Editor Fonts and Colors settings 1.2//EN" "https://netbeans.apache.org/dtds/EditorFontsColors-1_2.dtd">
<fontscolors>
    <fontcolor bgColor="ffeceba3" name="mark-occurrences"/>
    <fontcolor bgColor="white" name="identifier"/>
    <fontcolor bgColor="white" default="field" name="markup-attribute"/>
    <fontcolor bgColor="white" default="identifier" name="method"/>
    <fontcolor bgColor="white" foreColor="ffcc0000" name="string"/>
    <fontcolor bgColor="white" default="keyword" foreColor="ff020099" name="markup-element"/>
    <fontcolor bgColor="white" default="string" name="markup-attribute-value"/>
    <fontcolor name="error" waveUnderlined="red"/>
    <fontcolor bgColor="white" default="default" foreColor="black" name="entity-reference">
        <font style="bold"/>
    </fontcolor>
    <fontcolor bgColor="white" name="separator"/>
    <fontcolor bgColor="white" foreColor="blue" name="operator"/>
    <fontcolor bgColor="white" name="url" underline="blue"/>
    <fontcolor bgColor="white" foreColor="ffcc0000" name="number"/>
    <fontcolor bgColor="white" name="default">
        <font name="JetBrains Mono Light" size="14" style="bold"/>
    </fontcolor>
    <fontcolor bgColor="white" default="identifier" foreColor="ff009900" name="field"/>
    <fontcolor bgColor="white" foreColor="ffcc0000" name="char"/>
    <fontcolor name="warning" waveUnderlined="yellow"/>
    <fontcolor bgColor="white" foreColor="ffff9900" name="comment"/>
    <fontcolor bgColor="white" foreColor="ff0000e6" name="keyword"/>
    <fontcolor bgColor="white" foreColor="black" name="whitespace"/>
</fontscolors>
