<?xml version="1.0" encoding="UTF-8"?>
<!DOCTYPE fontscolors PUBLIC "-//NetBeans//DTD Editor Fonts and Colors settings 1.1//EN" "http://www.netbeans.org/dtds/EditorFontsColors-1_1.dtd">
<fontscolors>
    <fontcolor bgColor="white" default="number" foreColor="ffcc0000" name="FLOAT_LITERAL"/>
    <fontcolor name="mod-method">
        <font style="bold"/>
    </fontcolor>
    <fontcolor foreColor="red" name="mod-parameter"/>
    <fontcolor default="string" foreColor="ff0300ff" name="STRING_LITERAL"/>
    <fontcolor default="keyword" foreColor="ff020099" name="keyword"/>
    <fontcolor default="comment" name="LINE_COMMENT"/>
    <fontcolor default="identifier" name="IDENTIFIER"/>
    <fontcolor bgColor="white" name="mod-deprecated" strikeThrough="darkGray"/>
    <fontcolor default="regexp" foreColor="ff006601" name="mod-regexp"/>
    <fontcolor bgColor="white" default="field" foreColor="black" name="mod-global"/>
    <fontcolor default="operator" name="ANY_OPERATOR"/>
    <fontcolor bgColor="white" name="mod-class"/>
    <fontcolor name="mod-unused" waveUnderlined="ff999999"/>
    <fontcolor bgColor="white" default="comment" name="BLOCK_COMMENT"/>
    <fontcolor bgColor="white" default="whitespace" name="WHITESPACE"/>
    <fontcolor name="mark-occurrences" underline="ff006601"/>
    <fontcolor bgColor="white" foreColor="black" name="mod-custom1"/>
    <fontcolor bgColor="white" default="error" name="ERROR" waveUnderlined="red"/>
    <fontcolor name="mod-custom3">
        <font style="bold"/>
    </fontcolor>
    <fontcolor foreColor="blue" name="mod-custom2"/>
</fontscolors>
