<?xml version="1.0" encoding="UTF-8"?>
<!DOCTYPE fontscolors PUBLIC "-//NetBeans//DTD Editor Fonts and Colors settings 1.2//EN" "https://netbeans.apache.org/dtds/EditorFontsColors-1_2.dtd">
<fontscolors>
    <fontcolor default="identifier" foreColor="ff61afef" name="identifier"/>
    <fontcolor default="field" foreColor="ffda5759" name="mod-field"/>
    <fontcolor name="mod-abstract">
        <font name="JetBrains Mono ExtraBold"/>
    </fontcolor>
    <fontcolor default="keyword" name="mod-keyword"/>
    <fontcolor default="string" foreColor="ff98c379" name="string"/>
    <fontcolor default="field" name="mod-record-component"/>
    <fontcolor name="mod-unindented-text-block"/>
    <fontcolor default="method" name="mod-method"/>
    <fontcolor default="identifier" foreColor="ffc678dd" name="mod-annotation-type-declaration">
        <font style="bold"/>
    </fontcolor>
    <fontcolor default="identifier" name="mod-module-declaration">
        <font style="bold"/>
    </fontcolor>
    <fontcolor default="separator" foreColor="ffc678dd" name="separator"/>
    <fontcolor default="operator" foreColor="ffcf6fbc" name="operator"/>
    <fontcolor default="identifier" foreColor="ffda5759" name="mod-local-variable-declaration"/>
    <fontcolor default="number" foreColor="ffabb0bf" name="number"/>
    <fontcolor default="identifier" foreColor="ffabb0bf" name="mod-parameter-declaration"/>
    <fontcolor default="char" name="character"/>
    <fontcolor default="field" name="mod-record-component-declaration"/>
    <fontcolor default="identifier" name="mod-record"/>
    <fontcolor default="comment" foreColor="ff5c6370" name="comment"/>
    <fontcolor default="keyword" name="keyword"/>
    <fontcolor default="identifier" foreColor="ffabb0bf" name="mod-local-variable"/>
    <fontcolor default="identifier" name="mod-module"/>
    <fontcolor default="field" foreColor="ffda5759" name="mod-field-declaration"/>
</fontscolors>
