<?xml version="1.0" encoding="UTF-8"?>
<!DOCTYPE fontscolors PUBLIC "-//NetBeans//DTD Editor Fonts and Colors settings 1.2//EN" "https://netbeans.apache.org/dtds/EditorFontsColors-1_2.dtd">
<fontscolors>
    <fontcolor bgColor="ffeceba3" name="mark-occurrences"/>
    <fontcolor name="identifier"/>
    <fontcolor default="field" foreColor="ffbbb469" name="markup-attribute"/>
    <fontcolor default="identifier" foreColor="ff7bf697" name="method"/>
    <fontcolor foreColor="ff7ccff1" name="string"/>
    <fontcolor default="keyword" name="markup-element"/>
    <fontcolor default="string" name="markup-attribute-value"/>
    <fontcolor bgColor="ff2e0101" foreColor="pink" name="error"/>
    <fontcolor default="default" foreColor="white" name="entity-reference">
        <font style="bold"/>
    </fontcolor>
    <fontcolor foreColor="ff57ab59" name="separator">
        <font style="bold"/>
    </fontcolor>
    <fontcolor foreColor="ffda9652" name="operator"/>
    <fontcolor name="url"/>
    <fontcolor foreColor="ffffff5e" name="number"/>
    <fontcolor bgColor="black" foreColor="ffcee4f1" name="default">
        <font name="JetBrains Mono ExtraLight" size="13" style="bold"/>
    </fontcolor>
    <fontcolor default="identifier" name="field"/>
    <fontcolor foreColor="ffffb9a0" name="char"/>
    <fontcolor name="warning" waveUnderlined="ffa1a15c"/>
    <fontcolor foreColor="darkGray" name="comment"/>
    <fontcolor foreColor="ffe3c980" name="keyword">
        <font style="bold"/>
    </fontcolor>
    <fontcolor foreColor="black" name="whitespace"/>
</fontscolors>
